index,0
is_accounting_major,1.8654195503003734
is_finance_major,3.146150156437589
is_business_major_2,-1.223488510645277
is_cur_lead,1.6300201504882033
overall_gpa,0.6270171972118209
